Workbook

Sheet fx deals outs reworked
A1: Header1 | B1: Trade Type | C1: Deal Date | D1: Value Date | E1: Counterparty | F1: External Counterparty | G1: Direction | H1: CCY 1 Amount | I1: CCY 1 | J1: CCY 2 Amount | K1: CCY 2 | L1: Exchange Rate | M1: Book | N1: Dealer | O1: Status | P1: TPL | Q1: Cash | R1: Val
A2: 8815281 | B2: FX Fwd | C2: 44064.456 | D2: 44102 | E2: IRELAND BLYTH LIMITED | F2: IRELAND BLYTH LIMITED | G2: Sell | H2: -137046.2 | I2: USD | J2: 5457179.7 | K2: MUR | L2: 39.82 | M2: MR_ON SandT CIB_FX | N2: G01884883 | O2: BO Confirmed | P2: -10595.465 | Q2: 0 | R2: -10595.465
A3: 8815264 | B3: FX Fwd | C3: 44064.454 | D3: 44089 | E3: IRELAND BLYTH LIMITED | F3: IRELAND BLYTH LIMITED | G3: Sell | H3: -402672.19 | I3: USD | J3: 16026353 | K3: MUR | L3: 39.8 | M3: MR_ON SandT CIB_FX | N3: G01884883 | O3: BO Confirmed | P3: -32450.035 | Q3: 0 | R3: -32450.035
A4: 8815243 | B4: FX Fwd | C4: 44064.451 | D4: 44082 | E4: IRELAND BLYTH LIMITED | F4: IRELAND BLYTH LIMITED | G4: Sell | H4: -154721.03 | I4: USD | J4: 6157123.4 | K4: MUR | L4: 39.795 | M4: MR_ON SandT CIB_FX | N4: G01884883 | O4: BO Confirmed | P4: -11814.113 | Q4: 0 | R4: -11814.113
A5: 8815210 | B5: FX Fwd | C5: 44064.448 | D5: 44098 | E5: IRELAND BLYTH LIMITED | F5: IRELAND BLYTH LIMITED | G5: Sell | H5: -108530 | I5: EUR | J5: 5106336.5 | K5: MUR | L5: 47.05 | M5: MR_ON SandT CIB_FX | N5: G01884883 | O5: BO Confirmed | P5: 2569.2136 | Q5: 0 | R5: 2569.2136
A6: 8815172 | B6: FX Fwd | C6: 44064.445 | D6: 44075 | E6: IRELAND BLYTH LIMITED | F6: IRELAND BLYTH LIMITED | G6: Sell | H6: -416268.72 | I6: EUR | J6: 19570874 | K6: MUR | L6: 47.015 | M6: MR_ON SandT CIB_FX | N6: G01884883 | O6: BO-BO Confirmed | P6: 19367.681 | Q6: 0 | R6: 19367.681
A7: 8802697 | B7: FX Fwd | C7: 44062.35 | D7: 44186 | E7: MAURITIUS SUGAR SYNDICATE | F7: MAURITIUS SUGAR SYNDICATE | G7: Buy | H7: 500000 | I7: EUR | J7: -23750000 | K7: MUR | L7: 47.5 | M7: MR_ON SandT CIB_FX | N7: H10042101 | O7: BO-BO Confirmed | P7: -123786.83 | Q7: 0 | R7: -123786.83
A8: 8802001 | B8: FX Fwd | C8: 44062.268 | D8: 44085 | E8: MAURITIUS SUGAR SYNDICATE | F8: MAURITIUS SUGAR SYNDICATE | G8: Buy | H8: 500000 | I8: EUR | J8: -597050 | K8: USD | L8: 1.1941 | M8: MR_ON SandT CIB_FX | N8: G01201900 | O8: BO-BO Confirmed | P8: -310380.9 | Q8: 0 | R8: -310380.9
A9: 8797817 | B9: FX Fwd | C9: 44061.297 | D9: 44266 | E9: LAFARGE | F9: LAFARGE | G9: Sell | H9: -720000 | I9: USD | J9: 28656000 | K9: MUR | L9: 39.8 | M9: MR_ON SandT CIB_FX | N9: H10042101 | O9: BO-BO Confirmed | P9: -248546.2 | Q9: 0 | R9: -248546.2
A10: 8797463 | B10: FX Fwd | C10: 44061.208 | D10: 44085 | E10: MAURITIUS SUGAR SYNDICATE | F10: MAURITIUS SUGAR SYNDICATE | G10: Buy | H10: 500000 | I10: EUR | J10: -594600 | K10: USD | L10: 1.1892 | M10: MR_ON SandT CIB_FX | N10: H10042101 | O10: BO-BO Confirmed | P10: -212764.08 | Q10: 0 | R10: -212764.08
A11: 8794326 | B11: FX Fwd | C11: 44060.431 | D11: 44238 | E11: LAFARGE | F11: LAFARGE | G11: Sell | H11: -720000 | I11: USD | J11: 28656000 | K11: MUR | L11: 39.8 | M11: MR_ON SandT CIB_FX | N11: H10042101 | O11: BO-BO Confirmed | P11: -213813.46 | Q11: 0 | R11: -213813.46
A12: 8794298 | B12: FX Fwd | C12: 44060.427 | D12: 44279 | E12: DUCRAY LENOIR LIMITED | F12: DUCRAY LENOIR LIMITED | G12: Sell | H12: -608279 | I12: USD | J12: 24391988 | K12: MUR | L12: 40.1 | M12: MR_ON SandT CIB_FX | N12: G01884883 | O12: BO-BO Confirmed | P12: -41834.009 | Q12: 0 | R12: -41834.009
A13: 8792768 | B13: FX Fwd | C13: 44060.288 | D13: 44208 | E13: LAFARGE | F13: LAFARGE | G13: Sell | H13: -720000 | I13: USD | J13: 28656000 | K13: MUR | L13: 39.8 | M13: MR_ON SandT CIB_FX | N13: H10042101 | O13: BO-BO Confirmed | P13: -174952.14 | Q13: 0 | R13: -174952.14
... A66: 8114992 | B66: FX Fwd | C66: 43896.243 | D66: 44104 | E66: MAURITIUS SUGAR SYNDICATE | F66: MAURITIUS SUGAR SYNDICATE | G66: Buy | H66: 1000000 | I66: EUR | J66: -42150000 | K66: MUR | L66: 42.15 | M66: MR_ON SandT CIB_FX | N66: A94100698 | O66: BO-BO Confirmed | P66: 4883471.8 | Q66: 0 | R66: 4883471.8
A67: 8080331 | B67: FX Fwd | C67: 43892.367 | D67: 44104 | E67: ABSA BANK | G67: Buy | H67: 735000 | I67: EUR | J67: -30847950 | K67: MUR | L67: 41.97 | M67: MR_ON SandT FXMarkets | N67: G44529946 | O67: BO-BO Confirmed | P67: 3721449.4 | Q67: 0 | R67: 3721449.4
A68: 8079226 | B68: FX Fwd | C68: 43892.293 | D68: 44111 | E68: AZUR FINANCIAL SERVICES LTD | F68: AZUR FINANCIAL SERVICES LTD | G68: Sell | H68: -500000 | I68: USD | J68: 18775000 | K68: MUR | L68: 37.55 | M68: MR_ON SandT CIB_FX | N68: A94100042 | O68: BO-BO Confirmed | P68: -1177247.7 | Q68: 0 | R68: -1177247.7
A69: 8079058 | B69: FX Fwd | C69: 43892.272 | D69: 44111 | E69: AZUR FINANCIAL SERVICES LTD | F69: AZUR FINANCIAL SERVICES LTD | G69: Sell | H69: -500000 | I69: USD | J69: 18775000 | K69: MUR | L69: 37.55 | M69: MR_ON SandT CIB_FX | N69: A94100042 | O69: BO-BO Confirmed | P69: -1177247.7 | Q69: 0 | R69: -1177247.7
A70: 8072214 | B70: FX Fwd | C70: 43889.337 | D70: 44110 | E70: AZUR FINANCIAL SERVICES LTD | F70: AZUR FINANCIAL SERVICES LTD | G70: Sell | H70: -500000 | I70: USD | J70: 18805000 | K70: MUR | L70: 37.61 | M70: MR_ON SandT CIB_FX | N70: A94100698 | O70: BO-BO Confirmed | P70: -1146721.7 | Q70: 0 | R70: -1146721.7
A71: 8062038 | B71: FX Fwd | C71: 43888.402 | D71: 44104 | E71: AZUR FINANCIAL SERVICES LTD | F71: AZUR FINANCIAL SERVICES LTD | G71: Sell | H71: -500000 | I71: USD | J71: 18865000 | K71: MUR | L71: 37.73 | M71: MR_ON SandT CIB_FX | N71: A94100698 | O71: BO-BO Confirmed | P71: -1083316.6 | Q71: 0 | R71: -1083316.6
A72: 8061545 | B72: FX Fwd | C72: 43888.368 | D72: 44109 | E72: AZUR FINANCIAL SERVICES LTD | F72: AZUR FINANCIAL SERVICES LTD | G72: Sell | H72: -500000 | I72: USD | J72: 18865000 | K72: MUR | L72: 37.73 | M72: MR_ON SandT CIB_FX | N72: A94100698 | O72: BO-BO Confirmed | P72: -1086244.3 | Q72: 0 | R72: -1086244.3
A73: 8055715 | B73: FX Fwd | C73: 43887.466 | D73: 44109 | E73: AZUR FINANCIAL SERVICES LTD | F73: AZUR FINANCIAL SERVICES LTD | G73: Sell | H73: -500000 | I73: USD | J73: 18885000 | K73: MUR | L73: 37.77 | M73: MR_ON SandT CIB_FX | N73: G01884883 | O73: BO-BO Confirmed | P73: -1066278.8 | Q73: 0 | R73: -1066278.8
A74: 8053975 | B74: FX Fwd | C74: 43887.359 | D74: 44109 | E74: AZUR FINANCIAL SERVICES LTD | F74: AZUR FINANCIAL SERVICES LTD | G74: Sell | H74: -1000000 | I74: USD | J74: 37775000 | K74: MUR | L74: 37.775 | M74: MR_ON SandT CIB_FX | N74: A94100698 | O74: BO-BO Confirmed | P74: -2127566.1 | Q74: 0 | R74: -2127566.1
A75: 8034484 | B75: FX Fwd | C75: 43881.407 | D75: 44104 | E75: ABSA BANK | G75: Buy | H75: 730000 | I75: EUR | J75: -30192800 | K75: MUR | L75: 41.36 | M75: MR_ON SandT FXMarkets | N75: G44529946 | O75: BO-BO Confirmed | P75: 4140752.3 | Q75: 0 | R75: 4140752.3
A76: 8034234 | B76: FX Fwd | C76: 43881.39 | D76: 44071 | E76: MAURITIUS SUGAR SYNDICATE | F76: MAURITIUS SUGAR SYNDICATE | G76: Buy | H76: 1000000 | I76: EUR | J76: -41250000 | K76: MUR | L76: 41.25 | M76: MR_ON SandT CIB_FX | N76: G01201900 | O76: BO-BO Confirmed | P76: 5706291.1 | Q76: 0 | R76: 5706291.1
A77: 8026628 | B77: FX Fwd | C77: 43880.289 | D77: 44119 | E77: ESQUEL (MAURITIUS) LTD | F77: ESQUEL (MAURITIUS) LTD | G77: Buy | H77: 500000 | I77: USD | J77: -18725000 | K77: MUR | L77: 37.45 | M77: MR_ON SandT CIB_FX | N77: G01201900 | O77: BO-BO Confirmed | P77: 1231750.8 | Q77: 0 | R77: 1231750.8
A78: 8026610 | B78: FX Fwd | C78: 43880.287 | D78: 44141 | E78: ESQUEL (MAURITIUS) LTD | F78: ESQUEL (MAURITIUS) LTD | G78: Buy | H78: 500000 | I78: USD | J78: -18750000 | K78: MUR | L78: 37.5 | M78: MR_ON SandT CIB_FX | N78: G01201900 | O78: BO-BO Confirmed | P78: 1219338.5 | Q78: 0 | R78: 1219338.5
A79: 8021873 | B79: FX Fwd | C79: 43879.276 | D79: 44110 | E79: ESQUEL (MAURITIUS) LTD | F79: ESQUEL (MAURITIUS) LTD | G79: Buy | H79: 500000 | I79: USD | J79: -18675000 | K79: MUR | L79: 37.35 | M79: MR_ON SandT CIB_FX | N79: G01884883 | O79: BO-BO Confirmed | P79: 1276492.7 | Q79: 0 | R79: 1276492.7
A80: 8018285 | B80: FX Fwd | C80: 43878.413 | D80: 44090 | E80: ESQUEL (MAURITIUS) LTD | F80: ESQUEL (MAURITIUS) LTD | G80: Buy | H80: 500000 | I80: USD | J80: -18650000 | K80: MUR | L80: 37.3 | M80: MR_ON SandT CIB_FX | N80: G01884883 | O80: BO-BO Confirmed | P80: 1289708.8 | Q80: 0 | R80: 1289708.8
A81: 7987528 | B81: FX Fwd | C81: 43871.469 | D81: 44211 | E81: BANK ONE | G81: Sell | H81: -895094.88 | I81: EUR | J81: 1000000 | K81: USD | L81: 1.1172 | M81: MR_ON SandT FXMarkets Fwds | N81: G01058632 | O81: BO-BO Confirmed | P81: -2301117.8 | Q81: 0 | R81: -2301117.8
A82: 7987200 | B82: FX Fwd | C82: 43871.444 | D82: 44211 | E82: ABSA BANK | G82: Buy | H82: 895288.01 | I82: EUR | J82: -1000000 | K82: USD | L82: 1.116959 | M82: MR_ON SandT FXMarkets | N82: G01058632 | O82: BO-BO Confirmed | P82: 2310202.9 | Q82: 0 | R82: 2310202.9
A83: 7979734 | B83: FX Fwd | C83: 43868.261 | D83: 44077 | E83: ESQUEL (MAURITIUS) LTD | F83: ESQUEL (MAURITIUS) LTD | G83: Buy | H83: 500000 | I83: USD | J83: -18425000 | K83: MUR | L83: 36.85 | M83: MR_ON SandT CIB_FX | N83: A94100698 | O83: BO-BO Confirmed | P83: 1506601.7 | Q83: 0 | R83: 1506601.7
A84: 7979729 | B84: FX Fwd | C84: 43868.26 | D84: 44090 | E84: ESQUEL (MAURITIUS) LTD | F84: ESQUEL (MAURITIUS) LTD | G84: Buy | H84: 500000 | I84: USD | J84: -18425000 | K84: MUR | L84: 36.85 | M84: MR_ON SandT CIB_FX | N84: A94100698 | O84: BO-BO Confirmed | P84: 1514486.2 | Q84: 0 | R84: 1514486.2
A85: 7925613 | B85: FX Fwd | C85: 43854.229 | D85: 44077 | E85: ESQUEL (MAURITIUS) LTD | F85: ESQUEL (MAURITIUS) LTD | G85: Buy | H85: 1000000 | I85: USD | J85: -36650000 | K85: MUR | L85: 36.65 | M85: MR_ON SandT CIB_FX | N85: A94100698 | O85: BO-BO Confirmed | P85: 3213105.1 | Q85: 0 | R85: 3213105.1
A86: 7906309 | B86: FX Fwd | C86: 43850.451 | D86: 44174 | E86: LAFARGE | F86: LAFARGE | G86: Sell | H86: -400000 | I86: USD | J86: 14732000 | K86: MUR | L86: 36.83 | M86: MR_ON SandT CIB_FX | N86: A94100698 | O86: BO-BO Confirmed | P86: -1258325.2 | Q86: 0 | R86: -1258325.2
A87: 7906297 | B87: FX Fwd | C87: 43850.45 | D87: 44144 | E87: LAFARGE | F87: LAFARGE | G87: Sell | H87: -400000 | I87: USD | J87: 14720000 | K87: MUR | L87: 36.8 | M87: MR_ON SandT CIB_FX | N87: A94100698 | O87: BO-BO Confirmed | P87: -1255968.3 | Q87: 0 | R87: -1255968.3
A88: 7906285 | B88: FX Fwd | C88: 43850.449 | D88: 44113 | E88: LAFARGE | F88: LAFARGE | G88: Sell | H88: -400000 | I88: USD | J88: 14720000 | K88: MUR | L88: 36.8 | M88: MR_ON SandT CIB_FX | N88: A94100698 | O88: BO-BO Confirmed | P88: -1242159.4 | Q88: 0 | R88: -1242159.4
A89: 7906264 | B89: FX Fwd | C89: 43850.448 | D89: 44088 | E89: LAFARGE | F89: LAFARGE | G89: Sell | H89: -700000 | I89: USD | J89: 25760000 | K89: MUR | L89: 36.8 | M89: MR_ON SandT CIB_FX | N89: A94100698 | O89: BO-BO Confirmed | P89: -2153579.5 | Q89: 0 | R89: -2153579.5
A90: 5510100 | B90: FX Fwd | C90: 43266.228 | D90: 44357 | E90: BH PROPERTY INVESTMENTS LTD | F90: BH PROPERTY INVESTMENTS LTD | G90: Sell | H90: -22246.94 | I90: EUR | J90: 1000000 | K90: MUR | L90: 44.95 | M90: MR_ON SandT CIB_FX | N90: G01049329 | O90: BO-BO Confirmed | P90: -62155.363 | Q90: 0 | R90: -62155.363
A91: 5507458 | B91: FX Fwd | C91: 43265.447 | D91: 45089 | E91: BH PROPERTY INVESTMENTS LTD | F91: BH PROPERTY INVESTMENTS LTD | G91: Sell | H91: -22246.94 | I91: EUR | J91: 1000000 | K91: MUR | L91: 44.95 | M91: MR_ON SandT CIB_FX | N91: G01049329 | O91: BO-BO Confirmed | P91: -133392.94 | Q91: 0 | R91: -133392.94
A92: 5507425 | B92: FX Fwd | C92: 43265.445 | D92: 45056 | E92: BH PROPERTY INVESTMENTS LTD | F92: BH PROPERTY INVESTMENTS LTD | G92: Sell | H92: -22246.94 | I92: EUR | J92: 1000000 | K92: MUR | L92: 44.95 | M92: MR_ON SandT CIB_FX | N92: G01049329 | O92: BO-BO Confirmed | P92: -129750.49 | Q92: 0 | R92: -129750.49
A93: 5507416 | B93: FX Fwd | C93: 43265.445 | D93: 45027 | E93: BH PROPERTY INVESTMENTS LTD | F93: BH PROPERTY INVESTMENTS LTD | G93: Sell | H93: -22246.94 | I93: EUR | J93: 1000000 | K93: MUR | L93: 44.95 | M93: MR_ON SandT CIB_FX | N93: G01049329 | O93: BO-BO Confirmed | P93: -126586.42 | Q93: 0 | R93: -126586.42
A94: 5507410 | B94: FX Fwd | C94: 43265.444 | D94: 44995 | E94: BH PROPERTY INVESTMENTS LTD | F94: BH PROPERTY INVESTMENTS LTD | G94: Sell | H94: -22246.94 | I94: EUR | J94: 1000000 | K94: MUR | L94: 44.95 | M94: MR_ON SandT CIB_FX | N94: G01049329 | O94: BO-BO Confirmed | P94: -123135.22 | Q94: 0 | R94: -123135.22
... A123: 5506303 | B123: FX Fwd | C123: 43265.369 | D123: 44084 | E123: BH PROPERTY INVESTMENTS LTD | F123: BH PROPERTY INVESTMENTS LTD | G123: Sell | H123: -22246.94 | I123: EUR | J123: 1000000 | K123: MUR | L123: 44.95 | M123: MR_ON SandT CIB_FX | N123: G01049329 | O123: BO-BO Confirmed | P123: -45381.039 | Q123: 0 | R123: -45381.039
A124: 8816340 | B124: FX Spot | C124: 44064.508 | D124: 44068 | E124: BARCLAYS BANK PLC LONDON | G124: Buy | H124: 3406.21 | I124: USD | J124: -30000 | K124: SEK | L124: 8.80744 | M124: MR_ON SandT FXMarkets | N124: G44529946 | O124: BO-BO Confirmed | P124: -178.98708 | Q124: 0 | R124: -178.98708
A125: 8816339 | B125: FX Spot | C125: 44064.508 | D125: 44068 | E125: BARCLAYS BANK PLC LONDON | G125: Sell | H125: -23624.8 | I125: USD | J125: 2500000 | K125: JPY | L125: 105.821 | M125: MR_ON SandT FXMarkets | N125: G44529946 | O125: BO-BO Confirmed | P125: 765.67447 | Q125: 0 | R125: 765.67447
A126: 8816329 | B126: FX Spot | C126: 44064.508 | D126: 44068 | E126: BARCLAYS BANK PLC LONDON | G126: Sell | H126: -147773.55 | I126: USD | J126: 135000 | K126: CHF | L126: 0.91356 | M126: MR_ON SandT FXMarkets | N126: G44529946 | O126: BO-BO Confirmed | P126: 7485.9409 | Q126: 0 | R126: 7485.9409
A127: 8816323 | B127: FX Spot | C127: 44064.507 | D127: 44068 | E127: BARCLAYS BANK PLC LONDON | G127: Sell | H127: -13000 | I127: GBP | J127: 17033.77 | K127: USD | L127: 1.31029 | M127: MR_ON SandT FXMarkets | N127: G44529946 | O127: BO-BO Confirmed | P127: -704.48252 | Q127: 0 | R127: -704.48252
A128: 8816317 | B128: FX Spot | C128: 44064.507 | D128: 44068 | E128: BARCLAYS BANK PLC LONDON | G128: Sell | H128: -68000 | I128: EUR | J128: 79970.04 | K128: USD | L128: 1.17603 | M128: MR_ON SandT FXMarkets | N128: G44529946 | O128: BO-BO Confirmed | P128: -5608.7647 | Q128: 0 | R128: -5608.7647
A129: 8815503 | B129: FX Spot | C129: 44064.473 | D129: 44067 | E129: REAL AUTOMOBILE AGENCY LTD | F129: REAL AUTOMOBILE AGENCY LTD | G129: Sell | H129: -2483000 | I129: JPY | J129: 937332.5 | K129: MUR | L129: 0.3775 | M129: MR_ON SandT Commercial FX | N129: H10041277 | O129: No Entries Verified | P129: 1510.6144 | Q129: 0 | R129: 1510.6144
A130: 8815441 | B130: FX Spot | C130: 44064.468 | D130: 44067 | E130: SOCIMED LTD | F130: SOCIMED LTD | G130: Sell | H130: -145747 | I130: CHF | J130: 6434730 | K130: MUR | L130: 44.15 | M130: MR_ON SandT Commercial FX | N130: H10041277 | O130: No Entries Verified | P130: 69108.765 | Q130: 0 | R130: 69108.765
A131: 8815226 | B131: FX Spot | C131: 44064.449 | D131: 44068 | E131: BARCLAYS BANK PLC LONDON | G131: Buy | H131: 416000 | I131: EUR | J131: -490576.32 | K131: USD | L131: 1.17927 | M131: MR_ON SandT FXMarkets | N131: G44529946 | O131: BO-BO Confirmed | P131: -19393.989 | Q131: 0 | R131: -19393.989
A132: 8815225 | B132: FX Spot | C132: 44064.449 | D132: 44068 | E132: BARCLAYS BANK PLC LONDON | G132: Sell | H132: -9268.83 | I132: USD | J132: 160000 | K132: ZAR | L132: 17.26216 | M132: MR_ON SandT FXMarkets | N132: G44529946 | O132: BO-BO Confirmed | P132: 689.29491 | Q132: 0 | R132: 689.29491
A133: 8815163 | B133: FX Spot | C133: 44064.443 | D133: 44068 | E133: ABSA BANK | G133: Buy | H133: 116000 | I133: EUR | J133: -136711.8 | K133: USD | L133: 1.17855 | M133: MR_ON SandT FXMarkets | N133: G44529946 | O133: BO-BO Confirmed | P133: -2079.9767 | Q133: 0 | R133: -2079.9767
A134: 8815032 | B134: FX Spot | C134: 44064.427 | D134: 44068 | E134: BARCLAYS BANK PLC LONDON | G134: Sell | H134: -5871.32 | I134: USD | J134: 620000 | K134: JPY | L134: 105.598 | M134: MR_ON SandT FXMarkets | N134: G44529946 | O134: BO-BO Confirmed | P134: -302.99548 | Q134: 0 | R134: -302.99548
A135: 8815027 | B135: FX Spot | C135: 44064.426 | D135: 44067 | E135: BARCLAYS BANK PLC LONDON | G135: Sell | H135: -30321.41 | I135: USD | J135: 40000 | K135: CAD | L135: 1.3192 | M135: MR_ON SandT FXMarkets | N135: G44529946 | O135: BO-BO Confirmed | P135: -2728.3098 | Q135: 0 | R135: -2728.3098
A136: 8815026 | B136: FX Spot | C136: 44064.426 | D136: 44067 | E136: BARCLAYS BANK PLC LONDON | G136: Buy | H136: 15158.52 | I136: USD | J136: -20000 | K136: CAD | L136: 1.31939 | M136: MR_ON SandT FXMarkets | N136: G44529946 | O136: BO-BO Confirmed | P136: 1277.0905 | Q136: 0 | R136: 1277.0905
A137: 8815025 | B137: FX Spot | C137: 44064.426 | D137: 44068 | E137: BARCLAYS BANK PLC LONDON | G137: Sell | H137: -60000 | I137: EUR | J137: 70888.8 | K137: USD | L137: 1.18148 | M137: MR_ON SandT FXMarkets | N137: G44529946 | O137: BO-BO Confirmed | P137: 8080.8289 | Q137: 0 | R137: 8080.8289
A138: 8814470 | B138: FX Spot | C138: 44064.386 | D138: 44068 | E138: BARCLAYS BANK PLC LONDON | G138: Sell | H138: -16094.57 | I138: USD | J138: 278000 | K138: ZAR | L138: 17.27291 | M138: MR_ON SandT FXMarkets | N138: G44529946 | O138: BO-BO Confirmed | P138: 1596.9945 | Q138: 0 | R138: 1596.9945
A139: 8814465 | B139: FX Spot | C139: 44064.386 | D139: 44068 | E139: BARCLAYS BANK PLC LONDON | G139: Sell | H139: -98000 | I139: GBP | J139: 129279.64 | K139: USD | L139: 1.31918 | M139: MR_ON SandT FXMarkets | N139: G44529946 | O139: BO-BO Confirmed | P139: 29404.176 | Q139: 0 | R139: 29404.176
A140: 8814073 | B140: FX Spot | C140: 44064.353 | D140: 44068 | E140: CITIBANK N.A. LONDON | G140: Sell | H140: -2000000 | I140: EUR | J140: 2363040 | K140: USD | L140: 1.18152 | M140: MR_ON SandT FXMarkets | N140: G01065515 | O140: BO-BO Confirmed | P140: 272548.67 | Q140: 0 | R140: 272548.67
A141: 8814068 | B141: FX Spot | C141: 44064.353 | D141: 44068 | E141: CITIBANK N.A. LONDON | G141: Buy | H141: 2000000 | I141: EUR | J141: -2367040 | K141: USD | L141: 1.18352 | M141: MR_ON SandT FXMarkets | N141: G01065515 | O141: BO-BO Confirmed | P141: -431933.85 | Q141: 0 | R141: -431933.85
A142: 8813828 | B142: FX Spot | C142: 44064.326 | D142: 44067 | E142: JOONAS AND CO LTD | F142: JOONAS AND CO LTD | G142: Sell | H142: -93711.93 | I142: USD | J142: 3728797.7 | K142: MUR | L142: 39.79 | M142: MR_ON SandT CIB_FX | N142: G01201900 | O142: No Entries Verified | P142: -5702.1634 | Q142: 0 | R142: -5702.1634
A143: 8813822 | B143: FX Spot | C143: 44064.326 | D143: 44068 | E143: BARCLAYS BANK PLC LONDON | G143: Buy | H143: 322000 | I143: EUR | J143: -381376.8 | K143: USD | L143: 1.1844 | M143: MR_ON SandT FXMarkets | N143: G01058632 | O143: BO-BO Confirmed | P143: -80832.197 | Q143: 0 | R143: -80832.197
A144: 8813814 | B144: FX Spot | C144: 44064.325 | D144: 44067 | E144: BARCLAYS BANK PLC LONDON | G144: Sell | H144: -109714 | I144: USD | J144: 150000 | K144: SGD | L144: 1.367191 | M144: MR_ON SandT FXMarkets | N144: H10042224 | O144: BO-BO Confirmed | P144: -10119.24 | Q144: 0 | R144: -10119.24
A145: 8813761 | B145: FX Spot | C145: 44064.318 | D145: 44068 | E145: Mauritius IBD | G145: Buy | H145: 2000000 | I145: EUR | J145: -2369000 | K145: USD | L145: 1.1845 | M145: MR_ON SandT FXMarkets | N145: G44529946 | O145: BO-BO Confirmed | P145: -510032.6 | Q145: 0 | R145: -510032.6
A146: 8813753 | B146: FX Spot | C146: 44064.318 | D146: 44068 | E146: Mauritius IBD | G146: Sell | H146: -2000000 | I146: EUR | J146: 2368380 | K146: USD | L146: 1.18419 | M146: MR_ON SandT FXMarkets | N146: G44529946 | O146: BO-BO Confirmed | P146: 485327.89 | Q146: 0 | R146: 485327.89
A147: 8813743 | B147: FX Spot | C147: 44064.316 | D147: 44068 | E147: CITIBANK N.A. LONDON | G147: Sell | H147: -2000000 | I147: EUR | J147: 2369000 | K147: USD | L147: 1.1845 | M147: MR_ON SandT FXMarkets | N147: G01065515 | O147: BO-BO Confirmed | P147: 510032.6 | Q147: 0 | R147: 510032.6
A148: 8813735 | B148: FX Spot | C148: 44064.315 | D148: 44068 | E148: CITIBANK N.A. LONDON | G148: Buy | H148: 2000000 | I148: EUR | J148: -2368380 | K148: USD | L148: 1.18419 | M148: MR_ON SandT FXMarkets | N148: G01065515 | O148: BO-BO Confirmed | P148: -485327.89 | Q148: 0 | R148: -485327.89
A149: 8813701 | B149: FX Spot | C149: 44064.31 | D149: 44068 | E149: Mauritius IBD | G149: Sell | H149: -1000000 | I149: EUR | J149: 1187300 | K149: USD | L149: 1.1873 | M149: MR_ON SandT FXMarkets | N149: G44529946 | O149: BO-BO Confirmed | P149: 366585.93 | Q149: 0 | R149: 366585.93
A150: 8813579 | B150: FX Spot | C150: 44064.295 | D150: 44068 | E150: ABSA BANK | G150: Buy | H150: 1000000 | I150: EUR | J150: -1187300 | K150: USD | L150: 1.1873 | M150: MR_ON SandT FXMarkets | N150: G44529946 | O150: BO-BO Confirmed | P150: -366585.93 | Q150: 0 | R150: -366585.93
A151: 8813548 | B151: FX Spot | C151: 44064.291 | D151: 44067 | E151: IRELAND BLYTH LIMITED | F151: IRELAND BLYTH LIMITED | G151: Sell | H151: -400000 | I151: EUR | J151: 475040 | K151: USD | L151: 1.1876 | M151: MR_ON SandT CIB_FX | N151: H10042101 | O151: BO Confirmed | P151: 151792.43 | Q151: 0 | R151: 151792.43
A152: 8813491 | B152: FX Spot | C152: 44064.28 | D152: 44067 | E152: DUCRAY LENOIR LIMITED | F152: DUCRAY LENOIR LIMITED | G152: Sell | H152: -16920 | I152: USD | J152: 675108 | K152: MUR | L152: 39.9 | M152: MR_ON SandT CIB_FX | N152: G01884883 | O152: No Entries Verified | P152: 831.4483 | Q152: 0 | R152: 831.4483
A153: 8813439 | B153: FX Spot | C153: 44064.273 | D153: 44068 | E153: BARCLAYS BANK PLC LONDON | G153: Sell | H153: -100000 | I153: EUR | J153: 118708 | K153: USD | L153: 1.18708 | M153: MR_ON SandT FXMarkets | N153: G01058632 | O153: BO-BO Confirmed | P153: 35781.974 | Q153: 0 | R153: 35781.974
A154: 8813405 | B154: FX Spot | C154: 44064.267 | D154: 44067 | E154: SOCIMED LTD | F154: SOCIMED LTD | G154: Sell | H154: -141864.75 | I154: SGD | J154: 4163730.4 | K154: MUR | L154: 29.35 | M154: MR_ON SandT Commercial FX | N154: H10041277 | O154: No Entries Verified | P154: 38227.061 | Q154: 0 | R154: 38227.061
A155: 8813320 | B155: FX Spot | C155: 44064.252 | D155: 44068 | E155: BARCLAYS BANK PLC LONDON | G155: Sell | H155: -50000 | I155: GBP | J155: 66179 | K155: USD | L155: 1.32358 | M155: MR_ON SandT FXMarkets | N155: G01058632 | O155: BO-BO Confirmed | P155: 23768.316 | Q155: 0 | R155: 23768.316
A156: 8813308 | B156: FX Spot | C156: 44064.246 | D156: 44068 | E156: SHIBANI FINANCE COMPANY LIMITED | F156: SHIBANI FINANCE COMPANY LIMITED | G156: Buy | H156: 50000 | I156: GBP | J156: -2627500 | K156: MUR | L156: 52.55 | M156: MR_ON SandT Commercial FX | N156: H10042101 | O156: BO Confirmed | P156: -13887.739 | Q156: 0 | R156: -13887.739
A157: 8813305 | B157: FX Spot | C157: 44064.245 | D157: 44068 | E157: SHIBANI FINANCE COMPANY LIMITED | F157: SHIBANI FINANCE COMPANY LIMITED | G157: Buy | H157: 100000 | I157: EUR | J157: -4712000 | K157: MUR | L157: 47.12 | M157: MR_ON SandT Commercial FX | N157: H10042101 | O157: BO Confirmed | P157: -17003.887 | Q157: 0 | R157: -17003.887
A158: 8811830 | B158: FX Spot | C158: 44063.553 | D158: 44067 | E158: BARCLAYS BANK PLC LONDON | G158: Sell | H158: -4617.7 | I158: USD | J158: 80000 | K158: ZAR | L158: 17.32464 | M158: MR_ON SandT FXMarkets | N158: G44529946 | O158: BO-BO Confirmed | P158: 1032.9686 | Q158: 0 | R158: 1032.9686
A159: 8811764 | B159: FX Spot | C159: 44063.548 | D159: 44067 | E159: Mauritius IBD | G159: Sell | H159: -2000000 | I159: EUR | J159: 2365380 | K159: USD | L159: 1.18269 | M159: MR_ON SandT FXMarkets | N159: G44529946 | O159: BO-BO Confirmed | P159: 367670.51 | Q159: 0 | R159: 367670.51
A160: 8811762 | B160: FX Spot | C160: 44063.547 | D160: 44067 | E160: Mauritius IBD | G160: Buy | H160: 2000000 | I160: EUR | J160: -2371000 | K160: USD | L160: 1.1855 | M160: MR_ON SandT FXMarkets | N160: G44529946 | O160: BO-BO Confirmed | P160: -591607.28 | Q160: 0 | R160: -591607.28
A161: 8811747 | B161: FX Spot | C161: 44063.546 | D161: 44067 | E161: Mauritius IBD | G161: Buy | H161: 1000000 | I161: USD | J161: -17275830 | K161: ZAR | L161: 17.27583 | M161: MR_ON SandT FXMarkets | N161: G44529946 | O161: BO-BO Confirmed | P161: -110800.23 | Q161: 0 | R161: -110800.23
A162: 8811286 | B162: FX Spot | C162: 44063.512 | D162: 44067 | E162: BARCLAYS BANK PLC LONDON | G162: Buy | H162: 6000 | I162: AUD | J162: -4295.76 | K162: USD | L162: 0.71596 | M162: MR_ON SandT FXMarkets | N162: G44529946 | O162: BO-BO Confirmed | P162: 152.47182 | Q162: 0 | R162: 152.47182
A163: 8811282 | B163: FX Spot | C163: 44063.512 | D163: 44067 | E163: BARCLAYS BANK PLC LONDON | G163: Sell | H163: -1677.39 | I163: USD | J163: 13000 | K163: HKD | L163: 7.75015 | M163: MR_ON SandT FXMarkets | N163: G44529946 | O163: BO-BO Confirmed | P163: 5.5459192 | Q163: 0 | R163: 5.5459192
A164: 8811132 | B164: FX Spot | C164: 44063.504 | D164: 44067 | E164: BARCLAYS BANK PLC LONDON | G164: Buy | H164: 10000 | I164: GBP | J164: -13143.6 | K164: USD | L164: 1.31436 | M164: MR_ON SandT FXMarkets | N164: G44529946 | O164: BO-BO Confirmed | P164: -1081.2867 | Q164: 0 | R164: -1081.2867
A165: 8811128 | B165: FX Spot | C165: 44063.504 | D165: 44067 | E165: BARCLAYS BANK PLC LONDON | G165: Sell | H165: -70000 | I165: EUR | J165: 82938.1 | K165: USD | L165: 1.18483 | M165: MR_ON SandT FXMarkets | N165: G44529946 | O165: BO-BO Confirmed | P165: 18837.459 | Q165: 0 | R165: 18837.459
A166: 8811119 | B166: FX Spot | C166: 44063.503 | D166: 44067 | E166: BARCLAYS BANK PLC LONDON | G166: Buy | H166: 3431.63 | I166: USD | J166: -30000 | K166: SEK | L166: 8.74219 | M166: MR_ON SandT FXMarkets | N166: G44529946 | O166: BO-BO Confirmed | P166: 834.29857 | Q166: 0 | R166: 834.29857
A167: 8811111 | B167: FX Spot | C167: 44063.503 | D167: 44067 | E167: BARCLAYS BANK PLC LONDON | G167: Buy | H167: 2000 | I167: AUD | J167: -1432.16 | K167: USD | L167: 0.71608 | M167: MR_ON SandT FXMarkets | N167: G44529946 | O167: BO-BO Confirmed | P167: 41.260802 | Q167: 0 | R167: 41.260802
A168: 8810965 | B168: FX Spot | C168: 44063.495 | D168: 44067 | E168: GAMMA CONSTRUCTION LTD | F168: GAMMA CONSTRUCTION LTD | G168: Sell | H168: -37808.9 | I168: USD | J168: 1504416.1 | K168: MUR | L168: 39.79 | M168: MR_ON SandT CIB_FX | N168: H10042101 | O168: No Entries Verified | P168: -2300.5869 | Q168: 0 | R168: -2300.5869
A169: 8810936 | B169: FX Spot | C169: 44063.492 | D169: 44067 | E169: ABSA BANK | G169: Sell | H169: -1000000 | I169: USD | J169: 17197000 | K169: ZAR | L169: 17.197 | M169: MR_ON SandT FXMarkets | N169: G44529946 | O169: BO-BO Confirmed | P169: -71525.373 | Q169: 0 | R169: -71525.373
A170: 8810490 | B170: FX Spot | C170: 44063.454 | D170: 44067 | E170: KOLOS CEMENT LIMITED | F170: KOLOS CEMENT LIMITED | G170: Sell | H170: -5824.18 | I170: ZAR | J170: 13628.58 | K170: MUR | L170: 2.34 | M170: MR_ON SandT CIB_FX | N170: G01201900 | O170: No Entries Verified | P170: 156.33325 | Q170: 0 | R170: 156.33325
A171: 8810477 | B171: FX Spot | C171: 44063.454 | D171: 44067 | E171: KOLOS CEMENT LIMITED | F171: KOLOS CEMENT LIMITED | G171: Sell | H171: -56876.43 | I171: USD | J171: 2263113 | K171: MUR | L171: 39.79 | M171: MR_ON SandT CIB_FX | N171: G01201900 | O171: No Entries Verified | P171: -3460.9516 | Q171: 0 | R171: -3460.9516
A172: 8810460 | B172: FX Spot | C172: 44063.453 | D172: 44067 | E172: KOLOS CEMENT LIMITED | F172: KOLOS CEMENT LIMITED | G172: Sell | H172: -124800 | I172: USD | J172: 4965792 | K172: MUR | L172: 39.79 | M172: MR_ON SandT CIB_FX | N172: G01201900 | O172: No Entries Verified | P172: -7593.7973 | Q172: 0 | R172: -7593.7973
A173: 8810299 | B173: FX Spot | C173: 44063.437 | D173: 44067 | E173: OMNICANE LIMITED | F173: OMNICANE LIMITED | G173: Sell | H173: -1000000 | I173: USD | J173: 39800000 | K173: MUR | L173: 39.8 | M173: MR_ON SandT CIB_FX | N173: H10042101 | O173: BO-BO Confirmed | P173: -50848.853 | Q173: 0 | R173: -50848.853
A174: 8809220 | B174: FX Spot | C174: 44063.362 | D174: 44067 | E174: CITIBANK N.A. LONDON | G174: Buy | H174: 2000000 | I174: EUR | J174: -2365380 | K174: USD | L174: 1.18269 | M174: MR_ON SandT FXMarkets | N174: G01065515 | O174: BO-BO Confirmed | P174: -367670.51 | Q174: 0 | R174: -367670.51
A175: 8809168 | B175: FX Spot | C175: 44063.356 | D175: 44067 | E175: BARCLAYS BANK PLC LONDON | G175: Buy | H175: 92000 | I175: EUR | J175: -108715.48 | K175: USD | L175: 1.18169 | M175: MR_ON SandT FXMarkets | N175: G44529946 | O175: BO-BO Confirmed | P175: -13246.975 | Q175: 0 | R175: -13246.975
A176: 8809105 | B176: FX Spot | C176: 44063.352 | D176: 44067 | E176: BARCLAYS BANK PLC LONDON | G176: Sell | H176: -25400.61 | I176: USD | J176: 440000 | K176: ZAR | L176: 17.32242 | M176: MR_ON SandT FXMarkets | N176: G44529946 | O176: BO-BO Confirmed | P176: 5551.4279 | Q176: 0 | R176: 5551.4279
A177: 8809103 | B177: FX Spot | C177: 44063.351 | D177: 44067 | E177: BARCLAYS BANK PLC LONDON | G177: Buy | H177: 35000 | I177: GBP | J177: -45761.45 | K177: USD | L177: 1.30747 | M177: MR_ON SandT FXMarkets | N177: G44529946 | O177: BO-BO Confirmed | P177: 5824.4559 | Q177: 0 | R177: 5824.4559
A178: 8809098 | B178: FX Spot | C178: 44063.351 | D178: 44067 | E178: CITIBANK N.A. LONDON | G178: Sell | H178: -2000000 | I178: EUR | J178: 2371000 | K178: USD | L178: 1.1855 | M178: MR_ON SandT FXMarkets | N178: G01065515 | O178: BO-BO Confirmed | P178: 591607.28 | Q178: 0 | R178: 591607.28
A179: 8809097 | B179: FX Spot | C179: 44063.351 | D179: 44067 | E179: Mauritius IBD | G179: Buy | H179: 400000 | I179: EUR | J179: -473040 | K179: USD | L179: 1.1826 | M179: MR_ON SandT FXMarkets | N179: G44529946 | O179: BO-BO Confirmed | P179: -72099.632 | Q179: 0 | R179: -72099.632
A180: 8809067 | B180: FX Spot | C180: 44063.349 | D180: 44067 | E180: BARCLAYS BANK PLC LONDON | G180: Sell | H180: -200000 | I180: EUR | J180: 236480 | K180: USD | L180: 1.1824 | M180: MR_ON SandT FXMarkets | N180: G44529946 | O180: BO-BO Confirmed | P180: 34455.96 | Q180: 0 | R180: 34455.96
...

Sheet pivot FX DEALS OUT
B1: PIVOT BY CCY 1 | E1: PIVOT BY CCY 1 | I1: PIVOT FOR BOTH CC1 & CCY2 | L1: PIVOT FOR BOTH CC1 & CCY2
B3: Row Labels | C3: Sum of CCY 1 Amount | E3: Row Labels | F3: Sum of CCY 1 Amount | I3: Row Labels | J3: Sum of Sum of CCY 1 Amount | L3: Row Labels | M3: Sum of Sum of CCY 1 Amount
B4: AUD | C4: 8000 | E4: AUD | F4: 8000 | I4: (blank) | L4: (blank)
B5: EUR | C5: -25853666 | E5: EUR | F5: -25853666 | I5: AUD | J5: 8000 | L5: AUD | M5: 8000
B6: GBP | C6: 9910142.9 | E6: GBP | F6: 9910142.9 | I6: EUR | J6: -25853666 | L6: EUR | M6: -25853666
B7: JPY | C7: -77060301 | E7: JPY | F7: -77060301 | I7: GBP | J7: 9910142.9 | L7: GBP | M7: 9910142.9
B8: SGD | C8: -141864.75 | E8: SGD | F8: -141864.75 | I8: Grand Total | J8: 3.1918332e+08 | L8: Grand Total | M8: 3.1918332e+08
B9: USD | C9: -19692880 | E9: USD | F9: -19692880 | I9: JPY | J9: -73940301 | L9: JPY | M9: -73940301
B10: ZAR | C10: -1169024.2 | E10: ZAR | F10: -1169024.2 | I10: MUR | J10: 4.0274286e+08 | L10: MUR | M10: 4.0274286e+08
B11: (blank) | E11: (blank) | I11: Row Labels | J11: 0 | L11: Row Labels | M11: 0
B12: CHF | C12: -145747 | E12: CHF | F12: -145747 | I12: USD | J12: 10427750 | L12: USD | M12: 10427750
B13: Grand Total | C13: -1.1414534e+08 | E13: Grand Total | F13: -1.1414534e+08 | I13: ZAR | J13: -289854.18 | L13: ZAR | M13: -289854.18
I14: (blank) | L14: (blank)
I15: CHF | J15: -10747 | L15: CHF | M15: -10747
I16: CNH | J16: -2000000 | L16: CNH | M16: -2000000
I17: SEK | J17: -60000 | L17: SEK | M17: -60000
I18: HKD | J18: -987000 | L18: HKD | M18: -987000
I19: AED | J19: -1000000 | L19: AED | M19: -1000000
I20: SGD | J20: 8135.25 | L20: SGD | M20: 8135.25
B21: PIVOT BY CCY 2 | E21: PIVOT BY CCY 2 | I21: CAD | J21: 20000 | L21: CAD | M21: 20000
I22: SCR | J22: 208000 | L22: SCR | M22: 208000
B23: Row Labels | C23: Sum of CCY 2 Amount | E23: Row Labels | F23: Sum of CCY 2 Amount | I23: PIVOT BY CCY 2 | L23: PIVOT BY CCY 2
B24: HKD | C24: -987000 | E24: HKD | F24: -987000 | I24: Grand Total | J24: 6.3836663e+08 | L24: Grand Total | M24: 6.3836663e+08
B25: CAD | C25: 20000 | E25: CAD | F25: 20000
B26: CNH | C26: -2000000 | E26: CNH | F26: -2000000
B27: SEK | C27: -60000 | E27: SEK | F27: -60000
B28: SCR | C28: 208000 | E28: SCR | F28: 208000
B29: JPY | C29: 3120000 | E29: JPY | F29: 3120000
B30: MUR | C30: 4.0274286e+08 | E30: MUR | F30: 4.0274286e+08
B31: USD | C31: 30120630 | E31: USD | F31: 30120630
B32: ZAR | C32: 879170 | E32: ZAR | F32: 879170
B33: (blank) | E33: (blank)
B34: CHF | C34: 135000 | E34: CHF | F34: 135000
B35: SGD | C35: 150000 | E35: SGD | F35: 150000
B36: AED | C36: -1000000 | E36: AED | F36: -1000000
B37: Grand Total | C37: 4.3332866e+08 | E37: Grand Total | F37: 4.3332866e+08

Sheet FA LIVE
A1: IDKEY | B1: CUR | C1: SysID | D1: Deal Date | E1: Value Day | F1: CounterParty | G1: Price | H1: Nominal | I1: Ageing1 | J1: Ageing2 | K1: Customer | L1: Relationship Manager | M1: Comment
A2: AED878996814/08/202024/08/2020ABSA BANK3.672791000000 | B2: AED | C2: 8789968 | D2: 44057 | E2: 44067 | F2: ABSA BANK | G2: 3.67279 | H2: 1000000 | I2: 0 | J2: Less than 90 days
A3: AED881609121/08/202014/09/2020ABSA BANK3.673091000000 | B3: AED | C3: 8816091 | D3: 44064 | E3: 44088 | F3: ABSA BANK | G3: 3.67309 | H3: 1000000 | I3: 0 | J3: Less than 90 days
A4: AED881609021/08/202024/08/2020ABSA BANK3.6727-1000000 | B4: AED | C4: 8816090 | D4: 44064 | E4: 44067 | F4: ABSA BANK | G4: 3.6727 | H4: -1000000 | I4: 0 | J4: Less than 90 days
A5: AUD881128620/08/202024/08/2020BARCLAYS BANK PLC LONDON0.71596-6000 | B5: AUD | C5: 8811286 | D5: 44063 | E5: 44067 | F5: BARCLAYS BANK PLC LONDON | G5: 0.71596 | H5: -6000 | I5: 0 | J5: Less than 90 days
A6: AUD881111120/08/202024/08/2020BARCLAYS BANK PLC LONDON0.71608-2000 | B6: AUD | C6: 8811111 | D6: 44063 | E6: 44067 | F6: BARCLAYS BANK PLC LONDON | G6: 0.71608 | H6: -2000 | I6: 0 | J6: Less than 90 days
A7: CAD881502721/08/202024/08/2020BARCLAYS BANK PLC LONDON1.3192-40000 | B7: CAD | C7: 8815027 | D7: 44064 | E7: 44067 | F7: BARCLAYS BANK PLC LONDON | G7: 1.3192 | H7: -40000 | I7: 0 | J7: Less than 90 days
A8: CAD881502621/08/202024/08/2020BARCLAYS BANK PLC LONDON1.3193920000 | B8: CAD | C8: 8815026 | D8: 44064 | E8: 44067 | F8: BARCLAYS BANK PLC LONDON | G8: 1.31939 | H8: 20000 | I8: 0 | J8: Less than 90 days
A9: CHF881632921/08/202025/08/2020BARCLAYS BANK PLC LONDON0.91356-135000 | B9: CHF | C9: 8816329 | D9: 44064 | E9: 44068 | F9: BARCLAYS BANK PLC LONDON | G9: 0.91356 | H9: -135000 | I9: 0 | J9: Less than 90 days
A10: CHF881544121/08/202024/08/2020SOCIMED LTD44.15145747 | B10: CHF | C10: 8815441 | D10: 44064 | E10: 44067 | F10: SOCIMED LTD | G10: 44.15 | H10: 145747 | I10: 0 | J10: Less than 90 days | K10: SOCIMED LTD | L10: Georgy Geerdharry
A11: CNH876191110/08/202025/08/2020BARCLAYS BANK PLC LONDON6.977972000000 | B11: CNH | C11: 8761911 | D11: 44053 | E11: 44068 | F11: BARCLAYS BANK PLC LONDON | G11: 6.97797 | H11: 2000000 | I11: 0 | J11: Less than 90 days
A12: EUR869705524/07/202029/01/2021NUMELEC LTD47.5610000 | B12: EUR | C12: 8697055 | D12: 44036 | E12: 44225 | F12: NUMELEC LTD | G12: 47.56 | H12: 10000 | I12: 0 | J12: Less than 90 days | K12: NUMELEC LTD | L12: Rodolphe Couronne
A13: EUR875560407/08/202007/12/2020MRC WIRE PRODUCTS LTD47.5530000 | B13: EUR | C13: 8755604 | D13: 44050 | E13: 44172 | F13: MRC WIRE PRODUCTS LTD | G13: 47.55 | H13: 30000 | I13: 0 | J13: Less than 90 days | K13: MRC WIRE PRODUCTS LTD | L13: Christine John Chuan
A14: EUR864260113/07/202020/11/2020MAURITIUS SUGAR SYNDICATE46-500000 | B14: EUR | C14: 8642601 | D14: 44025 | E14: 44155 | F14: MAURITIUS SUGAR SYNDICATE | G14: 46 | H14: -500000 | I14: 0 | J14: Less than 90 days | K14: MAURITIUS SUGAR SYNDICATE | L14: C Yue Chi Ming
A15: EUR874810506/08/202020/10/2020PANAGORA MARKETING CO LTD47.95182 | B15: EUR | C15: 8748105 | D15: 44049 | E15: 44124 | F15: PANAGORA MARKETING CO LTD | G15: 47.9 | H15: 5182 | I15: 0 | J15: Less than 90 days | K15: PANAGORA MARKETING CO LTD | L15: Kavita Ramruttun
A16: EUR868411222/07/202029/10/2020MAURITIUS SUGAR SYNDICATE46.75-500000 | B16: EUR | C16: 8684112 | D16: 44034 | E16: 44133 | F16: MAURITIUS SUGAR SYNDICATE | G16: 46.75 | H16: -500000 | I16: 0 | J16: Less than 90 days | K16: MAURITIUS SUGAR SYNDICATE | L16: C Yue Chi Ming
A17: EUR881343921/08/202025/08/2020BARCLAYS BANK PLC LONDON1.18708100000 | B17: EUR | C17: 8813439 | D17: 44064 | E17: 44068 | F17: BARCLAYS BANK PLC LONDON | G17: 1.18708 | H17: 100000 | I17: 0 | J17: Less than 90 days
A18: EUR870252127/07/202010/12/2020MAURITIUS SUGAR SYNDICATE47.6-500000 | B18: EUR | C18: 8702521 | D18: 44039 | E18: 44175 | F18: MAURITIUS SUGAR SYNDICATE | G18: 47.6 | H18: -500000 | I18: 0 | J18: Less than 90 days | K18: MAURITIUS SUGAR SYNDICATE | L18: C Yue Chi Ming
A19: EUR881330521/08/202025/08/2020SHIBANI FINANCE COMPANY LIMITED47.12-100000 | B19: EUR | C19: 8813305 | D19: 44064 | E19: 44068 | F19: SHIBANI FINANCE COMPANY LIMITED | G19: 47.12 | H19: -100000 | I19: 0 | J19: Less than 90 days | K19: SHIBANI FINANCE COMPANY LIMITED | L19: Georgy Geerdharry
A20: EUR872694031/07/202015/09/2020MSJ LTD47.9108619 | B20: EUR | C20: 8726940 | D20: 44043 | E20: 44089 | F20: MSJ LTD | G20: 47.9 | H20: 108619 | I20: 0 | J20: Less than 90 days | K20: MSJ LTD | L20: Kavita Ramruttun
A21: EUR869654624/07/202015/10/2020MRC WIRE PRODUCTS LTD47.485000 | B21: EUR | C21: 8696546 | D21: 44036 | E21: 44119 | F21: MRC WIRE PRODUCTS LTD | G21: 47.4 | H21: 85000 | I21: 0 | J21: Less than 90 days | K21: MRC WIRE PRODUCTS LTD | L21: Christine John Chuan
A22: EUR869624124/07/202026/10/2020CFAO MOTORS MAURITIUS LTD47.5500000 | B22: EUR | C22: 8696241 | D22: 44036 | E22: 44130 | F22: CFAO MOTORS MAURITIUS LTD | G22: 47.5 | H22: 500000 | I22: 0 | J22: Less than 90 days
A23: EUR872090030/07/202015/12/2020MAURITIUS SUGAR SYNDICATE47.6-500000 | B23: EUR | C23: 8720900 | D23: 44042 | E23: 44180 | F23: MAURITIUS SUGAR SYNDICATE | G23: 47.6 | H23: -500000 | I23: 0 | J23: Less than 90 days | K23: MAURITIUS SUGAR SYNDICATE | L23: C Yue Chi Ming
A24: EUR870813928/07/202004/09/2020MAURITIUS SUGAR SYNDICATE1.174-500000 | B24: EUR | C24: 8708139 | D24: 44040 | E24: 44078 | F24: MAURITIUS SUGAR SYNDICATE | G24: 1.174 | H24: -500000 | I24: 0 | J24: Less than 90 days | K24: MAURITIUS SUGAR SYNDICATE | L24: C Yue Chi Ming
A25: EUR874020005/08/202010/09/2020CFAO MOTORS MAURITIUS LTD47.39191579.43 | B25: EUR | C25: 8740200 | D25: 44048 | E25: 44084 | F25: CFAO MOTORS MAURITIUS LTD | G25: 47.39 | H25: 191579.43 | I25: 0 | J25: Less than 90 days
A26: EUR550722914/06/201811/04/2022BH PROPERTY INVESTMENTS LTD44.9522246.94 | B26: EUR | C26: 5507229 | D26: 43265 | E26: 44662 | F26: BH PROPERTY INVESTMENTS LTD | G26: 44.95 | H26: 22246.94 | I26: 0 | J26: Less than 90 days
A27: EUR881376121/08/202025/08/2020Mauritius IBD1.1845-2000000 | B27: EUR | C27: 8813761 | D27: 44064 | E27: 44068 | F27: Mauritius IBD | G27: 1.1845 | H27: -2000000 | I27: 0 | J27: Less than 90 days
A28: EUR881375321/08/202025/08/2020Mauritius IBD1.184192000000 | B28: EUR | C28: 8813753 | D28: 44064 | E28: 44068 | F28: Mauritius IBD | G28: 1.18419 | H28: 2000000 | I28: 0 | J28: Less than 90 days
A29: EUR881374321/08/202025/08/2020CITIBANK N.A. LONDON1.18452000000 | B29: EUR | C29: 8813743 | D29: 44064 | E29: 44068 | F29: CITIBANK N.A. LONDON | G29: 1.1845 | H29: 2000000 | I29: 0 | J29: Less than 90 days
A30: EUR881354821/08/202024/08/2020IRELAND BLYTH LIMITED1.1876400000 | B30: EUR | C30: 8813548 | D30: 44064 | E30: 44067 | F30: IRELAND BLYTH LIMITED | G30: 1.1876 | H30: 400000 | I30: 0 | J30: Less than 90 days | K30: IRELAND BLYTH LIMITED | L30: Kavita Ramruttun
A31: EUR881370121/08/202025/08/2020Mauritius IBD1.18731000000 | B31: EUR | C31: 8813701 | D31: 44064 | E31: 44068 | F31: Mauritius IBD | G31: 1.1873 | H31: 1000000 | I31: 0 | J31: Less than 90 days
A32: EUR881357921/08/202025/08/2020ABSA BANK1.1873-1000000 | B32: EUR | C32: 8813579 | D32: 44064 | E32: 44068 | F32: ABSA BANK | G32: 1.1873 | H32: -1000000 | I32: 0 | J32: Less than 90 days
A33: EUR881373521/08/202025/08/2020CITIBANK N.A. LONDON1.18419-2000000 | B33: EUR | C33: 8813735 | D33: 44064 | E33: 44068 | F33: CITIBANK N.A. LONDON | G33: 1.18419 | H33: -2000000 | I33: 0 | J33: Less than 90 days
A34: EUR550650914/06/201812/04/2021BH PROPERTY INVESTMENTS LTD44.9522246.94 | B34: EUR | C34: 5506509 | D34: 43265 | E34: 44298 | F34: BH PROPERTY INVESTMENTS LTD | G34: 44.95 | H34: 22246.94 | I34: 0 | J34: Less than 90 days
A35: EUR860146502/07/202031/08/2020H.VAULBERT DE CHANTILLY LTD(HVC LTD)45.5875000 | B35: EUR | C35: 8601465 | D35: 44014 | E35: 44074 | F35: H.VAULBERT DE CHANTILLY LTD(HVC LTD) | G35: 45.58 | H35: 75000 | I35: 0 | J35: Less than 90 days
A36: EUR550726614/06/201810/06/2022BH PROPERTY INVESTMENTS LTD44.9522246.94 | B36: EUR | C36: 5507266 | D36: 43265 | E36: 44722 | F36: BH PROPERTY INVESTMENTS LTD | G36: 44.95 | H36: 22246.94 | I36: 0 | J36: Less than 90 days
A37: EUR550724514/06/201810/05/2022BH PROPERTY INVESTMENTS LTD44.9522246.94 | B37: EUR | C37: 5507245 | D37: 43265 | E37: 44691 | F37: BH PROPERTY INVESTMENTS LTD | G37: 44.95 | H37: 22246.94 | I37: 0 | J37: Less than 90 days
A38: EUR551010015/06/201810/06/2021BH PROPERTY INVESTMENTS LTD44.9522246.94 | B38: EUR | C38: 5510100 | D38: 43266 | E38: 44357 | F38: BH PROPERTY INVESTMENTS LTD | G38: 44.95 | H38: 22246.94 | I38: 0 | J38: Less than 90 days
A39: EUR550630314/06/201810/09/2020BH PROPERTY INVESTMENTS LTD44.9522246.94 | B39: EUR | C39: 5506303 | D39: 43265 | E39: 44084 | F39: BH PROPERTY INVESTMENTS LTD | G39: 44.95 | H39: 22246.94 | I39: 0 | J39: Less than 90 days
A40: EUR550630914/06/201813/10/2020BH PROPERTY INVESTMENTS LTD44.9522246.94 | B40: EUR | C40: 5506309 | D40: 43265 | E40: 44117 | F40: BH PROPERTY INVESTMENTS LTD | G40: 44.95 | H40: 22246.94 | I40: 0 | J40: Less than 90 days
A41: EUR550631814/06/201810/11/2020BH PROPERTY INVESTMENTS LTD44.9522246.94 | B41: EUR | C41: 5506318 | D41: 43265 | E41: 44145 | F41: BH PROPERTY INVESTMENTS LTD | G41: 44.95 | H41: 22246.94 | I41: 0 | J41: Less than 90 days
A42: EUR550632214/06/201810/12/2020BH PROPERTY INVESTMENTS LTD44.9522246.94 | B42: EUR | C42: 5506322 | D42: 43265 | E42: 44175 | F42: BH PROPERTY INVESTMENTS LTD | G42: 44.95 | H42: 22246.94 | I42: 0 | J42: Less than 90 days
... A60: EUR856226623/06/202027/10/2020TERRA FINANCE LTD45.361250000 | B60: EUR | C60: 8562266 | D60: 44005 | E60: 44131 | F60: TERRA FINANCE LTD | G60: 45.36 | H60: 1250000 | I60: 0 | J60: Less than 90 days
A61: EUR818137719/03/202015/10/2020MAURITIUS SUGAR SYNDICATE43.25-500000 | B61: EUR | C61: 8181377 | D61: 43909 | E61: 44119 | F61: MAURITIUS SUGAR SYNDICATE | G61: 43.25 | H61: -500000 | I61: 0 | J61: Less than 90 days | K61: MAURITIUS SUGAR SYNDICATE | L61: C Yue Chi Ming
A62: EUR815976016/03/202015/10/2020MAURITIUS SUGAR SYNDICATE43.4-1000000 | B62: EUR | C62: 8159760 | D62: 43906 | E62: 44119 | F62: MAURITIUS SUGAR SYNDICATE | G62: 43.4 | H62: -1000000 | I62: 0 | J62: Less than 90 days | K62: MAURITIUS SUGAR SYNDICATE | L62: C Yue Chi Ming
A63: EUR813363111/03/202015/10/2020MAURITIUS SUGAR SYNDICATE43.2-1000000 | B63: EUR | C63: 8133631 | D63: 43901 | E63: 44119 | F63: MAURITIUS SUGAR SYNDICATE | G63: 43.2 | H63: -1000000 | I63: 0 | J63: Less than 90 days | K63: MAURITIUS SUGAR SYNDICATE | L63: C Yue Chi Ming
A64: EUR813121810/03/202030/09/2020MAURITIUS SUGAR SYNDICATE43.1-1000000 | B64: EUR | C64: 8131218 | D64: 43900 | E64: 44104 | F64: MAURITIUS SUGAR SYNDICATE | G64: 43.1 | H64: -1000000 | I64: 0 | J64: Less than 90 days | K64: MAURITIUS SUGAR SYNDICATE | L64: C Yue Chi Ming
A65: EUR811499206/03/202030/09/2020MAURITIUS SUGAR SYNDICATE42.15-1000000 | B65: EUR | C65: 8114992 | D65: 43896 | E65: 44104 | F65: MAURITIUS SUGAR SYNDICATE | G65: 42.15 | H65: -1000000 | I65: 0 | J65: Less than 90 days | K65: MAURITIUS SUGAR SYNDICATE | L65: C Yue Chi Ming
A66: EUR808033102/03/202030/09/2020ABSA BANK41.97-735000 | B66: EUR | C66: 8080331 | D66: 43892 | E66: 44104 | F66: ABSA BANK | G66: 41.97 | H66: -735000 | I66: 0 | J66: Less than 90 days
A67: EUR550727914/06/201811/07/2022BH PROPERTY INVESTMENTS LTD44.9522246.94 | B67: EUR | C67: 5507279 | D67: 43265 | E67: 44753 | F67: BH PROPERTY INVESTMENTS LTD | G67: 44.95 | H67: 22246.94 | I67: 0 | J67: Less than 90 days
A68: EUR803423420/02/202028/08/2020MAURITIUS SUGAR SYNDICATE41.25-1000000 | B68: EUR | C68: 8034234 | D68: 43881 | E68: 44071 | F68: MAURITIUS SUGAR SYNDICATE | G68: 41.25 | H68: -1000000 | I68: 0 | J68: Less than 90 days | K68: MAURITIUS SUGAR SYNDICATE | L68: C Yue Chi Ming
A69: EUR860666703/07/202030/10/2020H.VAULBERT DE CHANTILLY LTD(HVC LTD)45.33150000 | B69: EUR | C69: 8606667 | D69: 44015 | E69: 44134 | F69: H.VAULBERT DE CHANTILLY LTD(HVC LTD) | G69: 45.33 | H69: 150000 | I69: 0 | J69: Less than 90 days
A70: EUR550742514/06/201810/05/2023BH PROPERTY INVESTMENTS LTD44.9522246.94 | B70: EUR | C70: 5507425 | D70: 43265 | E70: 45056 | F70: BH PROPERTY INVESTMENTS LTD | G70: 44.95 | H70: 22246.94 | I70: 0 | J70: Less than 90 days
A71: EUR550741614/06/201811/04/2023BH PROPERTY INVESTMENTS LTD44.9522246.94 | B71: EUR | C71: 5507416 | D71: 43265 | E71: 45027 | F71: BH PROPERTY INVESTMENTS LTD | G71: 44.95 | H71: 22246.94 | I71: 0 | J71: Less than 90 days
A72: EUR550741014/06/201810/03/2023BH PROPERTY INVESTMENTS LTD44.9522246.94 | B72: EUR | C72: 5507410 | D72: 43265 | E72: 44995 | F72: BH PROPERTY INVESTMENTS LTD | G72: 44.95 | H72: 22246.94 | I72: 0 | J72: Less than 90 days
A73: EUR550740414/06/201810/02/2023BH PROPERTY INVESTMENTS LTD44.9522246.94 | B73: EUR | C73: 5507404 | D73: 43265 | E73: 44967 | F73: BH PROPERTY INVESTMENTS LTD | G73: 44.95 | H73: 22246.94 | I73: 0 | J73: Less than 90 days
A74: EUR550739614/06/201810/01/2023BH PROPERTY INVESTMENTS LTD44.9522246.94 | B74: EUR | C74: 5507396 | D74: 43265 | E74: 44936 | F74: BH PROPERTY INVESTMENTS LTD | G74: 44.95 | H74: 22246.94 | I74: 0 | J74: Less than 90 days
A75: EUR550739214/06/201812/12/2022BH PROPERTY INVESTMENTS LTD44.9522246.94 | B75: EUR | C75: 5507392 | D75: 43265 | E75: 44907 | F75: BH PROPERTY INVESTMENTS LTD | G75: 44.95 | H75: 22246.94 | I75: 0 | J75: Less than 90 days
A76: EUR798720010/02/202015/01/2021ABSA BANK1.11696-895288.01 | B76: EUR | C76: 7987200 | D76: 43871 | E76: 44211 | F76: ABSA BANK | G76: 1.11696 | H76: -895288.01 | I76: 0 | J76: Less than 90 days
A77: EUR798752810/02/202015/01/2021BANK ONE1.1172895094.88 | B77: EUR | C77: 7987528 | D77: 43871 | E77: 44211 | F77: BANK ONE | G77: 1.1172 | H77: 895094.88 | I77: 0 | J77: Less than 90 days
A78: EUR550734814/06/201810/11/2022BH PROPERTY INVESTMENTS LTD44.9522246.94 | B78: EUR | C78: 5507348 | D78: 43265 | E78: 44875 | F78: BH PROPERTY INVESTMENTS LTD | G78: 44.95 | H78: 22246.94 | I78: 0 | J78: Less than 90 days
A79: EUR550732714/06/201811/10/2022BH PROPERTY INVESTMENTS LTD44.9522246.94 | B79: EUR | C79: 5507327 | D79: 43265 | E79: 44845 | F79: BH PROPERTY INVESTMENTS LTD | G79: 44.95 | H79: 22246.94 | I79: 0 | J79: Less than 90 days
A80: EUR550745814/06/201812/06/2023BH PROPERTY INVESTMENTS LTD44.9522246.94 | B80: EUR | C80: 5507458 | D80: 43265 | E80: 45089 | F80: BH PROPERTY INVESTMENTS LTD | G80: 44.95 | H80: 22246.94 | I80: 0 | J80: Less than 90 days
... A82: EUR880906720/08/202024/08/2020BARCLAYS BANK PLC LONDON1.1824200000 | B82: EUR | C82: 8809067 | D82: 44063 | E82: 44067 | F82: BARCLAYS BANK PLC LONDON | G82: 1.1824 | H82: 200000 | I82: 0 | J82: Less than 90 days
A83: EUR880896220/08/202024/08/2020QUALITY BEVERAGES LTD47.2400000 | B83: EUR | C83: 8808962 | D83: 44063 | E83: 44067 | F83: QUALITY BEVERAGES LTD | G83: 47.2 | H83: 400000 | I83: 0 | J83: Less than 90 days | K83: QUALITY BEVERAGES LTD | L83: Jaimie Purmah
A84: EUR880896120/08/202024/08/2020BARCLAYS BANK PLC LONDON1.1853-200000 | B84: EUR | C84: 8808961 | D84: 44063 | E84: 44067 | F84: BARCLAYS BANK PLC LONDON | G84: 1.1853 | H84: -200000 | I84: 0 | J84: Less than 90 days
A85: EUR880269719/08/202021/12/2020MAURITIUS SUGAR SYNDICATE47.5-500000 | B85: EUR | C85: 8802697 | D85: 44062 | E85: 44186 | F85: MAURITIUS SUGAR SYNDICATE | G85: 47.5 | H85: -500000 | I85: 0 | J85: Less than 90 days | K85: MAURITIUS SUGAR SYNDICATE | L85: C Yue Chi Ming
A86: EUR880894020/08/202024/08/2020BARCLAYS BANK PLC LONDON1.18516-74000 | B86: EUR | C86: 8808940 | D86: 44063 | E86: 44067 | F86: BARCLAYS BANK PLC LONDON | G86: 1.18516 | H86: -74000 | I86: 0 | J86: Less than 90 days
A87: EUR880377219/08/202003/09/2020OMNICANE MILLING OPERATIONS LIMITED47.42100000 | B87: EUR | C87: 8803772 | D87: 44062 | E87: 44077 | F87: OMNICANE MILLING OPERATIONS LIMITED | G87: 47.42 | H87: 100000 | I87: 0 | J87: Less than 90 days
A88: EUR879478717/08/202028/08/2020MAURITIUS SUGAR SYNDICATE47.095-3000000 | B88: EUR | C88: 8794787 | D88: 44060 | E88: 44071 | F88: MAURITIUS SUGAR SYNDICATE | G88: 47.095 | H88: -3000000 | I88: 0 | J88: Less than 90 days | K88: MAURITIUS SUGAR SYNDICATE | L88: C Yue Chi Ming
A89: EUR881521021/08/202024/09/2020IRELAND BLYTH LIMITED47.05108530 | B89: EUR | C89: 8815210 | D89: 44064 | E89: 44098 | F89: IRELAND BLYTH LIMITED | G89: 47.05 | H89: 108530 | I89: 0 | J89: Less than 90 days | K89: IRELAND BLYTH LIMITED | L89: Kavita Ramruttun
A90: EUR881517221/08/202001/09/2020IRELAND BLYTH LIMITED47.015416268.72 | B90: EUR | C90: 8815172 | D90: 44064 | E90: 44075 | F90: IRELAND BLYTH LIMITED | G90: 47.015 | H90: 416268.72 | I90: 0 | J90: Less than 90 days | K90: IRELAND BLYTH LIMITED | L90: Kavita Ramruttun
A91: EUR881522621/08/202025/08/2020BARCLAYS BANK PLC LONDON1.17927-416000 | B91: EUR | C91: 8815226 | D91: 44064 | E91: 44068 | F91: BARCLAYS BANK PLC LONDON | G91: 1.17927 | H91: -416000 | I91: 0 | J91: Less than 90 days
A92: EUR881516321/08/202025/08/2020ABSA BANK1.17855-116000 | B92: EUR | C92: 8815163 | D92: 44064 | E92: 44068 | F92: ABSA BANK | G92: 1.17855 | H92: -116000 | I92: 0 | J92: Less than 90 days
A93: EUR881112820/08/202024/08/2020BARCLAYS BANK PLC LONDON1.1848370000 | B93: EUR | C93: 8811128 | D93: 44063 | E93: 44067 | F93: BARCLAYS BANK PLC LONDON | G93: 1.18483 | H93: 70000 | I93: 0 | J93: Less than 90 days
A94: EUR880909820/08/202024/08/2020CITIBANK N.A. LONDON1.18552000000 | B94: EUR | C94: 8809098 | D94: 44063 | E94: 44067 | F94: CITIBANK N.A. LONDON | G94: 1.1855 | H94: 2000000 | I94: 0 | J94: Less than 90 days
A95: EUR880200119/08/202011/09/2020MAURITIUS SUGAR SYNDICATE1.1941-500000 | B95: EUR | C95: 8802001 | D95: 44062 | E95: 44085 | F95: MAURITIUS SUGAR SYNDICATE | G95: 1.1941 | H95: -500000 | I95: 0 | J95: Less than 90 days | K95: MAURITIUS SUGAR SYNDICATE | L95: C Yue Chi Ming
A96: EUR880922020/08/202024/08/2020CITIBANK N.A. LONDON1.18269-2000000 | B96: EUR | C96: 8809220 | D96: 44063 | E96: 44067 | F96: CITIBANK N.A. LONDON | G96: 1.18269 | H96: -2000000 | I96: 0 | J96: Less than 90 days
A97: EUR880916820/08/202024/08/2020BARCLAYS BANK PLC LONDON1.18169-92000 | B97: EUR | C97: 8809168 | D97: 44063 | E97: 44067 | F97: BARCLAYS BANK PLC LONDON | G97: 1.18169 | H97: -92000 | I97: 0 | J97: Less than 90 days
A98: EUR881176220/08/202024/08/2020Mauritius IBD1.1855-2000000 | B98: EUR | C98: 8811762 | D98: 44063 | E98: 44067 | F98: Mauritius IBD | G98: 1.1855 | H98: -2000000 | I98: 0 | J98: Less than 90 days
A99: EUR881176420/08/202024/08/2020Mauritius IBD1.182692000000 | B99: EUR | C99: 8811764 | D99: 44063 | E99: 44067 | F99: Mauritius IBD | G99: 1.18269 | H99: 2000000 | I99: 0 | J99: Less than 90 days
A100: EUR881502521/08/202025/08/2020BARCLAYS BANK PLC LONDON1.1814860000 | B100: EUR | C100: 8815025 | D100: 44064 | E100: 44068 | F100: BARCLAYS BANK PLC LONDON | G100: 1.18148 | H100: 60000 | I100: 0 | J100: Less than 90 days
A101: EUR879476217/08/202027/08/2020MAURITIUS SUGAR SYNDICATE47.095-2000000 | B101: EUR | C101: 8794762 | D101: 44060 | E101: 44070 | F101: MAURITIUS SUGAR SYNDICATE | G101: 47.095 | H101: -2000000 | I101: 0 | J101: Less than 90 days | K101: MAURITIUS SUGAR SYNDICATE | L101: C Yue Chi Ming
A102: EUR881382221/08/202025/08/2020BARCLAYS BANK PLC LONDON1.1844-322000 | B102: EUR | C102: 8813822 | D102: 44064 | E102: 44068 | F102: BARCLAYS BANK PLC LONDON | G102: 1.1844 | H102: -322000 | I102: 0 | J102: Less than 90 days
A103: EUR881608321/08/202028/08/2020ABSA BANK1.1778515000000 | B103: EUR | C103: 8816083 | D103: 44064 | E103: 44071 | F103: ABSA BANK | G103: 1.17785 | H103: 15000000 | I103: 0 | J103: Less than 90 days
A104: EUR879746318/08/202011/09/2020MAURITIUS SUGAR SYNDICATE1.1892-500000 | B104: EUR | C104: 8797463 | D104: 44061 | E104: 44085 | F104: MAURITIUS SUGAR SYNDICATE | G104: 1.1892 | H104: -500000 | I104: 0 | J104: Less than 90 days | K104: MAURITIUS SUGAR SYNDICATE | L104: C Yue Chi Ming
A105: EUR880046518/08/202025/08/2020ABSA BANK1.1943923000000 | B105: EUR | C105: 8800465 | D105: 44061 | E105: 44068 | F105: ABSA BANK | G105: 1.19439 | H105: 23000000 | I105: 0 | J105: Less than 90 days
A106: EUR881407321/08/202025/08/2020CITIBANK N.A. LONDON1.181522000000 | B106: EUR | C106: 8814073 | D106: 44064 | E106: 44068 | F106: CITIBANK N.A. LONDON | G106: 1.18152 | H106: 2000000 | I106: 0 | J106: Less than 90 days
A107: EUR880894120/08/202024/08/2020PHARMACIE NOUVELLE LTD47.18274283.86 | B107: EUR | C107: 8808941 | D107: 44063 | E107: 44067 | F107: PHARMACIE NOUVELLE LTD | G107: 47.18 | H107: 274283.86 | I107: 0 | J107: Less than 90 days | K107: PHARMACIE NOUVELLE LTD | L107: Kavita Ramruttun
A108: EUR881631721/08/202025/08/2020BARCLAYS BANK PLC LONDON1.1760368000 | B108: EUR | C108: 8816317 | D108: 44064 | E108: 44068 | F108: BARCLAYS BANK PLC LONDON | G108: 1.17603 | H108: 68000 | I108: 0 | J108: Less than 90 days
A109: EUR881406821/08/202025/08/2020CITIBANK N.A. LONDON1.18352-2000000 | B109: EUR | C109: 8814068 | D109: 44064 | E109: 44068 | F109: CITIBANK N.A. LONDON | G109: 1.18352 | H109: -2000000 | I109: 0 | J109: Less than 90 days
A110: GBP881446521/08/202025/08/2020BARCLAYS BANK PLC LONDON1.3191898000 | B110: GBP | C110: 8814465 | D110: 44064 | E110: 44068 | F110: BARCLAYS BANK PLC LONDON | G110: 1.31918 | H110: 98000 | I110: 0 | J110: Less than 90 days
A111: GBP881113220/08/202024/08/2020BARCLAYS BANK PLC LONDON1.31436-10000 | B111: GBP | C111: 8811132 | D111: 44063 | E111: 44067 | F111: BARCLAYS BANK PLC LONDON | G111: 1.31436 | H111: -10000 | I111: 0 | J111: Less than 90 days
A112: GBP864616314/07/202016/10/2020ABSA BANK1.25322-10000000 | B112: GBP | C112: 8646163 | D112: 44026 | E112: 44120 | F112: ABSA BANK | G112: 1.25322 | H112: -10000000 | I112: 0 | J112: Less than 90 days
A113: GBP880910320/08/202024/08/2020BARCLAYS BANK PLC LONDON1.30747-35000 | B113: GBP | C113: 8809103 | D113: 44063 | E113: 44067 | F113: BARCLAYS BANK PLC LONDON | G113: 1.30747 | H113: -35000 | I113: 0 | J113: Less than 90 days
A114: GBP880830720/08/202024/08/2020INTERNATIONAL DISTILLERS (MAURITIUS)LTD52.623857.05 | B114: GBP | C114: 8808307 | D114: 44063 | E114: 44067 | F114: INTERNATIONAL DISTILLERS (MAURITIUS)LTD | G114: 52.6 | H114: 23857.05 | I114: 0 | J114: Less than 90 days
A115: GBP881332021/08/202025/08/2020BARCLAYS BANK PLC LONDON1.3235850000 | B115: GBP | C115: 8813320 | D115: 44064 | E115: 44068 | F115: BARCLAYS BANK PLC LONDON | G115: 1.32358 | H115: 50000 | I115: 0 | J115: Less than 90 days
A116: GBP881632321/08/202025/08/2020BARCLAYS BANK PLC LONDON1.3102913000 | B116: GBP | C116: 8816323 | D116: 44064 | E116: 44068 | F116: BARCLAYS BANK PLC LONDON | G116: 1.31029 | H116: 13000 | I116: 0 | J116: Less than 90 days
A117: GBP881330821/08/202025/08/2020SHIBANI FINANCE COMPANY LIMITED52.55-50000 | B117: GBP | C117: 8813308 | D117: 44064 | E117: 44068 | F117: SHIBANI FINANCE COMPANY LIMITED | G117: 52.55 | H117: -50000 | I117: 0 | J117: Less than 90 days | K117: SHIBANI FINANCE COMPANY LIMITED | L117: Georgy Geerdharry
A118: HKD876681611/08/202026/08/2020BARCLAYS BANK PLC LONDON7.750531000000 | B118: HKD | C118: 8766816 | D118: 44054 | E118: 44069 | F118: BARCLAYS BANK PLC LONDON | G118: 7.75053 | H118: 1000000 | I118: 0 | J118: Less than 90 days
...

Sheet PIVOT FA LIVE
B3: Row Labels | C3: Sum of Nominal | E3: Row Labels | F3: Sum of Nominal
B4: AUD | C4: -8000 | E4: AUD | F4: -8000
B5: CAD | C5: -20000 | E5: CAD | F5: -20000
B6: EUR | C6: 25853666 | E6: EUR | F6: 25853666
B7: GBP | C7: -9910142.9 | E7: GBP | F7: -9910142.9
B8: HKD | C8: 987000 | E8: HKD | F8: 987000
B9: JPY | C9: 73940301 | E9: JPY | F9: 73940301
B10: SGD | C10: -8135.25 | E10: SGD | F10: -8135.25
B11: USD | C11: -10427750 | E11: USD | F11: -10427750
B12: ZAR | C12: 289854.18 | E12: ZAR | F12: 289854.18
B13: (blank) | E13: (blank)
B14: CHF | C14: 10747 | E14: CHF | F14: 10747
B15: AED | C15: 1000000 | E15: AED | F15: 1000000
B16: CNH | C16: 2000000 | E16: CNH | F16: 2000000
B17: SCR | C17: -208000 | E17: SCR | F17: -208000
B18: SEK | C18: 60000 | E18: SEK | F18: 60000
B19: Grand Total | C19: 83559539 | E19: Grand Total | F19: 83559539

Sheet COMPARISON
A2: Currency | B2: Live FX Deals on Access | C2: Live FX Deals on FA | D2: Diff | E2: Comments
A3: AUD | B3: =VLOOKUP(A3,'PIVOT FA LIVE'!E:F,2,0) -> -8000 | C3: =VLOOKUP(A3,'pivot FX DEALS OUT'!L:M,2,0) -> 8000 | D3: =B3+C3 -> 0
A4: AED | B4: =VLOOKUP(A4,'PIVOT FA LIVE'!E:F,2,0) -> 1000000 | C4: =VLOOKUP(A4,'pivot FX DEALS OUT'!L:M,2,0) -> -1000000 | D4: =B4+C4 -> 0
A5: BHD | B5: =VLOOKUP(A5,'PIVOT FA LIVE'!E:F,2,0) -> #N/A | C5: =VLOOKUP(A5,'pivot FX DEALS OUT'!L:M,2,0) -> #N/A | D5: =B5+C5 -> #N/A
A6: BWP | B6: =VLOOKUP(A6,'PIVOT FA LIVE'!E:F,2,0) -> #N/A | C6: =VLOOKUP(A6,'pivot FX DEALS OUT'!L:M,2,0) -> #N/A | D6: =B6+C6 -> #N/A
A7: CAD | B7: =VLOOKUP(A7,'PIVOT FA LIVE'!E:F,2,0) -> -20000 | C7: =VLOOKUP(A7,'pivot FX DEALS OUT'!L:M,2,0) -> 20000 | D7: =B7+C7 -> 0
A8: CHF | B8: =VLOOKUP(A8,'PIVOT FA LIVE'!E:F,2,0) -> 10747 | C8: =VLOOKUP(A8,'pivot FX DEALS OUT'!L:M,2,0) -> -10747 | D8: =B8+C8 -> 0
A9: CNH | B9: =VLOOKUP(A9,'PIVOT FA LIVE'!E:F,2,0) -> 2000000 | C9: =VLOOKUP(A9,'pivot FX DEALS OUT'!L:M,2,0) -> -2000000 | D9: =B9+C9 -> 0
A10: DKK | B10: =VLOOKUP(A10,'PIVOT FA LIVE'!E:F,2,0) -> #N/A | C10: =VLOOKUP(A10,'pivot FX DEALS OUT'!L:M,2,0) -> #N/A | D10: =B10+C10 -> #N/A
A11: EUR | B11: =VLOOKUP(A11,'PIVOT FA LIVE'!E:F,2,0) -> 25853666 | C11: =VLOOKUP(A11,'pivot FX DEALS OUT'!L:M,2,0) -> -25853666 | D11: =B11+C11 -> 0
A12: GBP | B12: =VLOOKUP(A12,'PIVOT FA LIVE'!E:F,2,0) -> -9910142.9 | C12: =VLOOKUP(A12,'pivot FX DEALS OUT'!L:M,2,0) -> 9910142.9 | D12: =B12+C12 -> 0
A13: GHS | B13: =VLOOKUP(A13,'PIVOT FA LIVE'!E:F,2,0) -> #N/A | C13: =VLOOKUP(A13,'pivot FX DEALS OUT'!L:M,2,0) -> #N/A | D13: =B13+C13 -> #N/A
A14: HKD | B14: =VLOOKUP(A14,'PIVOT FA LIVE'!E:F,2,0) -> 987000 | C14: =VLOOKUP(A14,'pivot FX DEALS OUT'!L:M,2,0) -> -987000 | D14: =B14+C14 -> 0
... A32: ZMW | B32: =VLOOKUP(A32,'PIVOT FA LIVE'!E:F,2,0) -> #N/A | C32: =VLOOKUP(A32,'pivot FX DEALS OUT'!L:M,2,0) -> #N/A | D32: =B32+C32 -> #N/A

Sheet CURR FX DEALS OUT
A1: trade | B1: Trade Type | C1: Deal Date | D1: Value Date | E1: Counterparty | F1: External Counterparty | G1: Direction | H1: CCY 1 Amount | I1: CCY 1 | J1: CCY 2 Amount | K1: CCY 2 | L1: Exchange Rate | M1: Book | N1: Dealer | O1: Status | P1: TPL | Q1: Cash | R1: Val | T1: XX
T2: =VLOOKUP(A2,'CURR FA LIVE'!$A:$A,1,0) -> #N/A
T3: =VLOOKUP(A3,'CURR FA LIVE'!$A:$A,1,0) -> #N/A
T4: =VLOOKUP(A4,'CURR FA LIVE'!$A:$A,1,0) -> #N/A
T5: =VLOOKUP(A5,'CURR FA LIVE'!$A:$A,1,0) -> #N/A
T6: =VLOOKUP(A6,'CURR FA LIVE'!$A:$A,1,0) -> #N/A
T7: =VLOOKUP(A7,'CURR FA LIVE'!$A:$A,1,0) -> #N/A
T8: =VLOOKUP(A8,'CURR FA LIVE'!$A:$A,1,0) -> #N/A
T9: =VLOOKUP(A9,'CURR FA LIVE'!$A:$A,1,0) -> #N/A
T10: =VLOOKUP(A10,'CURR FA LIVE'!$A:$A,1,0) -> #N/A
T11: =VLOOKUP(A11,'CURR FA LIVE'!$A:$A,1,0) -> #N/A
T12: =VLOOKUP(A12,'CURR FA LIVE'!$A:$A,1,0) -> #N/A
T13: =VLOOKUP(A13,'CURR FA LIVE'!$A:$A,1,0) -> #N/A
... T229: =VLOOKUP(A229,'CURR FA LIVE'!$A:$A,1,0) -> #N/A

Sheet CURR FA LIVE
A1: SysID

Sheet SUMMARY
A2: Currency | B2: Live FX Deals on Access | C2: Live FX Deals on FA | D2: Diff
A3: AUD | B3: =IFERROR(COMPARISON!B3,0) -> -8000 | C3: =IFERROR(COMPARISON!C3,0) -> 8000 | D3: =B3+C3 -> 0
A4: AED | B4: =IFERROR(COMPARISON!B4,0) -> 1000000 | C4: =IFERROR(COMPARISON!C4,0) -> -1000000 | D4: =B4+C4 -> 0
A5: BHD | B5: =IFERROR(COMPARISON!B5,0) -> 0 | C5: =IFERROR(COMPARISON!C5,0) -> 0 | D5: =B5+C5 -> 0
A6: BWP | B6: =IFERROR(COMPARISON!B6,0) -> 0 | C6: =IFERROR(COMPARISON!C6,0) -> 0 | D6: =B6+C6 -> 0
A7: CAD | B7: =IFERROR(COMPARISON!B7,0) -> -20000 | C7: =IFERROR(COMPARISON!C7,0) -> 20000 | D7: =B7+C7 -> 0
A8: CHF | B8: =IFERROR(COMPARISON!B8,0) -> 10747 | C8: =IFERROR(COMPARISON!C8,0) -> -10747 | D8: =B8+C8 -> 0
A9: CNH | B9: =IFERROR(COMPARISON!B9,0) -> 2000000 | C9: =IFERROR(COMPARISON!C9,0) -> -2000000 | D9: =B9+C9 -> 0
A10: DKK | B10: =IFERROR(COMPARISON!B10,0) -> 0 | C10: =IFERROR(COMPARISON!C10,0) -> 0 | D10: =B10+C10 -> 0
A11: EUR | B11: =IFERROR(COMPARISON!B11,0) -> 25853666 | C11: =IFERROR(COMPARISON!C11,0) -> -25853666 | D11: =B11+C11 -> 0
A12: GBP | B12: =IFERROR(COMPARISON!B12,0) -> -9910142.9 | C12: =IFERROR(COMPARISON!C12,0) -> 9910142.9 | D12: =B12+C12 -> 0
A13: GHS | B13: =IFERROR(COMPARISON!B13,0) -> 0 | C13: =IFERROR(COMPARISON!C13,0) -> 0 | D13: =B13+C13 -> 0
A14: HKD | B14: =IFERROR(COMPARISON!B14,0) -> 987000 | C14: =IFERROR(COMPARISON!C14,0) -> -987000 | D14: =B14+C14 -> 0
... A32: ZMW | B32: =IFERROR(COMPARISON!B32,0) -> 0 | C32: =IFERROR(COMPARISON!C32,0) -> 0 | D32: =B32+C32 -> 0
A34: EARLY SETTLEMENT | H34: =F141 -> 0 | I34: Net PnL | J34: =E141-SUM(D3:D31) -> 4.6566129e-10
A35: Deal | B35: Name | C35: Value date | F35: PnL
B36: =VLOOKUP(A36,'fx deals outs reworked'!$A$2:$R$889,5,0) -> #N/A | C36: =VLOOKUP(A36,'fx deals outs reworked'!$A$2:$R$889,4,0) -> #N/A | F36: =IFERROR(VLOOKUP(A36,'fx deals outs reworked'!$A$2:$R$889,16,0),0) -> 0
B37: =VLOOKUP(A37,'fx deals outs reworked'!$A$2:$R$889,5,0) -> #N/A | C37: =VLOOKUP(A37,'fx deals outs reworked'!$A$2:$R$889,4,0) -> #N/A | F37: =IFERROR(VLOOKUP(A37,'fx deals outs reworked'!$A$2:$R$889,16,0),0) -> 0
B38: =VLOOKUP(A38,'fx deals outs reworked'!$A$2:$R$889,5,0) -> #N/A | C38: =VLOOKUP(A38,'fx deals outs reworked'!$A$2:$R$889,4,0) -> #N/A | F38: =IFERROR(VLOOKUP(A38,'fx deals outs reworked'!$A$2:$R$889,16,0),0) -> 0
B39: =VLOOKUP(A39,'fx deals outs reworked'!$A$2:$R$889,5,0) -> #N/A | C39: =VLOOKUP(A39,'fx deals outs reworked'!$A$2:$R$889,4,0) -> #N/A | F39: =IFERROR(VLOOKUP(A39,'fx deals outs reworked'!$A$2:$R$889,16,0),0) -> 0
B40: =VLOOKUP(A40,'fx deals outs reworked'!$A$2:$R$889,5,0) -> #N/A | C40: =VLOOKUP(A40,'fx deals outs reworked'!$A$2:$R$889,4,0) -> #N/A | F40: =IFERROR(VLOOKUP(A40,'fx deals outs reworked'!$A$2:$R$889,16,0),0) -> 0
B41: =VLOOKUP(A41,'fx deals outs reworked'!$A$2:$R$889,5,0) -> #N/A | C41: =VLOOKUP(A41,'fx deals outs reworked'!$A$2:$R$889,4,0) -> #N/A | F41: =IFERROR(VLOOKUP(A41,'fx deals outs reworked'!$A$2:$R$889,16,0),0) -> 0
B42: =VLOOKUP(A42,'fx deals outs reworked'!$A$2:$R$889,5,0) -> #N/A | C42: =VLOOKUP(A42,'fx deals outs reworked'!$A$2:$R$889,4,0) -> #N/A | F42: =IFERROR(VLOOKUP(A42,'fx deals outs reworked'!$A$2:$R$889,16,0),0) -> 0
B43: =VLOOKUP(A43,'fx deals outs reworked'!$A$2:$R$889,5,0) -> #N/A | C43: =VLOOKUP(A43,'fx deals outs reworked'!$A$2:$R$889,4,0) -> #N/A | F43: =IFERROR(VLOOKUP(A43,'fx deals outs reworked'!$A$2:$R$889,16,0),0) -> 0
B44: =VLOOKUP(A44,'fx deals outs reworked'!$A$2:$R$889,5,0) -> #N/A | C44: =VLOOKUP(A44,'fx deals outs reworked'!$A$2:$R$889,4,0) -> #N/A | F44: =IFERROR(VLOOKUP(A44,'fx deals outs reworked'!$A$2:$R$889,16,0),0) -> 0
B45: =VLOOKUP(A45,'fx deals outs reworked'!$A$2:$R$889,5,0) -> #N/A | C45: =VLOOKUP(A45,'fx deals outs reworked'!$A$2:$R$889,4,0) -> #N/A | F45: =IFERROR(VLOOKUP(A45,'fx deals outs reworked'!$A$2:$R$889,16,0),0) -> 0
B46: =VLOOKUP(A46,'fx deals outs reworked'!$A$2:$R$889,5,0) -> #N/A | C46: =VLOOKUP(A46,'fx deals outs reworked'!$A$2:$R$889,4,0) -> #N/A | F46: =IFERROR(VLOOKUP(A46,'fx deals outs reworked'!$A$2:$R$889,16,0),0) -> 0
B47: =VLOOKUP(A47,'fx deals outs reworked'!$A$2:$R$889,5,0) -> #N/A | C47: =VLOOKUP(A47,'fx deals outs reworked'!$A$2:$R$889,4,0) -> #N/A | F47: =IFERROR(VLOOKUP(A47,'fx deals outs reworked'!$A$2:$R$889,16,0),0) -> 0
... B140: =VLOOKUP(A140,'fx deals outs reworked'!$A$2:$R$889,5,0) -> #N/A | C140: =VLOOKUP(A140,'fx deals outs reworked'!$A$2:$R$889,4,0) -> #N/A | F140: =IFERROR(VLOOKUP(A140,'fx deals outs reworked'!$A$2:$R$889,16,0),0) -> 0
E141: =SUM(E36:E140) -> 0 | F141: =SUM(F36:F140) -> 0

Sheet Sheet1

Sheet Sheet2
